{
  "count": 60,
  "min": 228.0063389998221,
  "max": 256.0491203298318,
  "avg": 231.26153974737952,
  "alerts": {
    "WARN": 0,
    "ALARM": 2
  }
}