{
  "count": 60,
  "min": 228.0532025481029,
  "max": 256.7929951446471,
  "avg": 230.2989532168688,
  "alerts": {
    "WARN": 0,
    "ALARM": 1
  }
}