{
  "count": 120,
  "min": 228.0063389998221,
  "max": 256.0491203298318,
  "avg": 230.62221313758042,
  "alerts": {
    "WARN": 0,
    "ALARM": 2
  }
}